,name,reliable,corot,Tullio_Data,Satus,comment,resolution,dyn_phase,EOS,M1,M2,Mb1,Mb2,Mb,Mg1,Mg2,R1,R2,C1,C2,k21,k22,lam21,lam22,Lambda,k2T,tend,fate,MADM,EGW,JADM,JGW,f0,fpeak,tmerg_r,tcoll,tend.1,Mdisk,Mdisk3D,Mej,dMej,Munb,Munb_bern,ThetaRMS,Yeej,Sej,vej,Ekej,chi2_simDisk,chi2_fitDisk,err_simDisk,err_fitDisk,chi2w_simDisk,chi2w_fitDisk,errw_simDisk,errw_fitDisk,chi2
0,BHBlp_M13641364_M0_LK_SR,False,False,,,R04,SR,passed,BHBlp,1364.0,1364.0,1.4873,1.4873,2.9746,1.35225890291,1.35225890291,8.94038740121,8.94038740121,0.151252793847,0.151252793847,0.10081970336,0.10081970336,849.055826418,849.055826418,849.055826417571,159.1982909844279,0.019813517690437862,,2.70358,0.000114115671542,7.40525,-0.0014997931183399998,282.6480380851897,398.39513677800005,1.7104693787887615e-05,-1.7104693787887615e-05,0.019813517690437862,8.671918477189858e-05,,0.0,0.0,0.0,8.562842378023771e-05,,,,,,,,,,,,,,
1,BHBlp_M14931248_M0_LK_SR,False,False,,,R04,SR,passed,BHBlp,1493.0,1248.0,1.6436,1.3493,2.9929,1.4801767686899998,1.23712723256,8.952293501749999,8.91203955182,0.165340511369,0.13881550633099998,0.0929542088968,0.107100688536,501.51214807400004,1385.21335752,838.6561901170218,157.56380922548894,0.022343405987426943,,2.71648,0.000115463390907,7.405660000000001,-0.00150716473166,283.16688319966926,398.39513677800005,1.6620539129940612e-05,-1.6620539129940612e-05,0.022343405987426943,8.672310679870173e-05,,0.0,0.0,0.0,8.577921400485303e-05,,,,,,,,,,,,,,
2,DD2_M13641364_M0_HR,True,False,,,R01,HR,not passed,DD2,1364.0,1364.0,1.4906,1.4906,2.9812,1.35501818315,1.35501818315,8.941079146760002,8.941079146760002,0.151549928553,0.151549928553,0.100775833724,0.100775833724,840.4102373239999,840.4102373239999,840.4102373236123,157.57515136964088,0.01929335374152422,,2.70514,0.0373408374359,7.4276,1.48816823761,283.3276296921921,2639.36778116,0.012702011902522868,inf,0.01929335374152422,,,0.000575046,0.1957805807432098,0.0006994343168135997,0.0036934526940918225,29.10431584347157,0.2163516937504554,22.7808290745436,0.218040543410162,0.02443461976172509,47946.16349058894,47946.16349058894,0.016638402438347005,0.016638402438347005,6742.723645119946,6742.723645119946,0.0031729971402279914,0.0031729971402279914,37369.06782750874
3,DD2_M13641364_M0_HR_R04,True,False,,,R04,HR,not passed,DD2,1364.0,1364.0,1.4873,1.4873,2.9746,1.35229088177,1.35229088177,8.940910431639997,8.940910431639997,0.151247857097,0.151247857097,0.100905720279,0.100905720279,849.935135478,849.935135478,849.9351354777667,159.36012022924925,0.01765404917525092,,2.70356,0.0477654624752,7.4056,1.77151682664,282.65917893120616,2689.16717325,0.009525859305368348,inf,0.01765404917525092,,,0.00055948,0.06458348386150033,0.0006691292817490327,0.006303471693818573,35.13563440639291,0.23913897433230136,30.314155291645807,0.2115763833452492,0.022384524170492668,49023.566277147605,49023.566277147605,0.016812363891251566,0.016812363891251566,6963.887890621972,6963.887890621972,0.0032428755422382483,0.0032428755422382483,37710.98836422698
4,DD2_M13641364_M0_LK_HR_R04,True,False,,,R04,HR,not passed,DD2,1364.0,1364.0,1.4873,1.4873,2.9746,1.35229088177,1.35229088177,8.940910431639997,8.940910431639997,0.151247857097,0.151247857097,0.100905720279,0.100905720279,849.935135478,849.935135478,849.9351354777667,159.36012022924925,0.02351771550845925,,2.70356,0.0514485742203,7.4056,1.79696381499,282.65917893120616,2589.56838906,0.008217568161131004,inf,0.02351771550845925,,,0.00119197,0.002537661448401497,0.00183621717261856,0.019761412979155717,39.76735214559578,0.2601583542282123,25.519887892648306,0.15858953464089698,0.026794258389066482,39679.762997061225,39679.762997061225,0.014147903980010534,0.014147903980010534,5963.888078885399,5963.888078885399,0.0030185781488731808,0.0030185781488731808,26871.99501712849
5,DD2_M13641364_M0_LK_LR_R04,True,False,,,R04,LR,passed,DD2,1364.0,1364.0,1.4873,1.4873,2.9746,1.35229088177,1.35229088177,8.940910431639997,8.940910431639997,0.151247857097,0.151247857097,0.100905720279,0.100905720279,849.935135478,849.935135478,849.9351354777667,159.36012022924925,0.13048233845779206,,2.70356,0.0463131470979,7.4056,1.62018380833,282.65917893120616,2589.56838906,0.007484609869479961,inf,0.13048233845779206,,,0.0009234,0.0,3.2670156988420965e-05,0.017054845639985862,38.33748272322318,0.26722850068548026,27.953776769005852,0.15721353673976607,0.02039851120985528,45577.897933729524,45577.897933729524,0.01555759062573677,0.01555759062573677,7130.819482443881,7130.819482443881,0.0033039653314843732,0.0033039653314843732,31439.83365763995
6,DD2_M13641364_M0_LK_SR_R04,True,False,,,R04,SR,passed,DD2,1364.0,1364.0,1.4873,1.4873,2.9746,1.35229088177,1.35229088177,8.940910431639997,8.940910431639997,0.151247857097,0.151247857097,0.100905720279,0.100905720279,849.935135478,849.935135478,849.9351354777667,159.36012022924925,0.05882581385896109,,2.70356,0.049181120296400004,7.4056,1.74301048783,282.65917893120616,2489.96960486,0.0077722762957731124,inf,0.05882581385896109,,,0.00145906,0.0,0.0018631254538395824,0.025817677585338563,39.10483596757658,0.27956244049051204,25.99417923905117,0.15358199686270613,0.030759625088874483,37273.33376673904,37273.33376673904,0.013328354498053623,0.013328354498053623,5669.227812929167,5669.227812929167,0.002888716332177539,0.002888716332177539,24802.739512874054
7,DD2_M13641364_M0_LR,True,False,,,R01,LR,passed,DD2,1364.0,1364.0,1.4906,1.4906,2.9812,1.35501818315,1.35501818315,8.941079146760002,8.941079146760002,0.151549928553,0.151549928553,0.100775833724,0.100775833724,840.4102373239999,840.4102373239999,840.4102373236123,157.57515136964088,0.05009336453477448,,2.70514,0.04510553512709999,7.4276,1.73658209496,283.3276296921921,2639.36778116,0.012181847953609222,inf,0.05009336453477448,,,0.0007697169999999997,0.0,0.0012298437496043187,0.02251692565649473,32.84142858501321,0.2065052696294099,22.117988581257787,0.17345057645082546,0.02069718031080179,45765.59901366137,45765.59901366137,0.015868048094643362,0.015868048094643362,6678.237545626514,6678.237545626514,0.003254867701297652,0.003254867701297652,32477.783847687188
8,DD2_M13641364_M0_LR_R04,True,False,,,R04,LR,passed,DD2,1364.0,1364.0,1.4873,1.4873,2.9746,1.35229088177,1.35229088177,8.940910431639997,8.940910431639997,0.151247857097,0.151247857097,0.100905720279,0.100905720279,849.935135478,849.935135478,849.9351354777667,159.36012022924925,0.10110095661612443,,2.70356,0.0523472143449,7.4056,1.89410162765,282.65917893120616,2489.96960486,0.009139676979659736,inf,0.10110095661612443,,,0.00119645,0.0,0.0017530378407728394,0.02675773807167619,37.562884094702476,0.24802886515156386,25.20560092791173,0.17210754467299094,0.031675406240879014,36797.454257886115,36797.454257886115,0.013631939913783041,0.013631939913783041,4965.025855242223,4965.025855242223,0.002831594164819683,0.002831594164819683,25399.91065631694
9,DD2_M13641364_M0_SR,True,False,,,R01,SR,passed,DD2,1364.0,1364.0,1.4906,1.4906,2.9812,1.35501818315,1.35501818315,8.941079146760002,8.941079146760002,0.151549928553,0.151549928553,0.100775833724,0.100775833724,840.4102373239999,840.4102373239999,840.4102373236123,157.57515136964088,0.1095181550621816,,2.70514,0.04220456104880002,7.4276,1.7400962070099997,283.3276296921921,2390.37082067,0.01240646420427648,inf,0.1095181550621816,,,0.00263355,0.0,0.0004602105213207916,0.017556100138146076,32.700278484096586,0.22638506493647625,18.4552968053388,0.14169050111738907,0.04725541514582203,32554.726994773016,32554.726994773016,0.011652997885504748,0.011652997885504748,5044.775283332097,5044.775283332097,0.0026641798491450143,0.0026641798491450143,21493.9576730501
10,DD2_M13641364_M0_SR_R04,True,False,,,R04,SR,passed,DD2,1364.0,1364.0,1.4873,1.4873,2.9746,1.35229088177,1.35229088177,8.940910431639997,8.940910431639997,0.151247857097,0.151247857097,0.100905720279,0.100905720279,849.935135478,849.935135478,849.9351354777667,159.36012022924925,0.08717474907475464,,2.70356,0.0479317557179,7.4056,1.7874287852500002,282.65917893120616,2539.76899696,0.009320946234584187,inf,0.08717474907475464,,,0.00102604,0.0,0.0012190687818710185,0.018455372634401446,36.81575205910953,0.24381166099236384,26.098977142119214,0.187723603506686,0.03231690970280169,37206.99482521346,37206.99482521346,0.014025470662053669,0.014025470662053672,4673.500797236157,4673.500797236157,0.002804535805021568,0.002804535805021568,26668.044238359424
11,DD2_M14321300_M0_LR,True,False,,,R04,LR,passed,DD2,1432.0,1.3,1.5689,1.4109,2.9798,1.41942345634,1.28880146176,8.954098133130001,8.930219143939999,0.15852201486700002,0.144319142181,0.0970220421932,0.104133353214,646.1377167730001,1108.86633759,847.6635642501843,159.02814694469785,0.05094454190572408,,2.70722,0.0451807773774,7.4062,1.7280737142500002,282.84698176405465,2440.17021277,0.009265628294598687,inf,0.05094454190572408,,,0.00124406,0.0,0.0015868644635563436,0.01819173396889351,35.313538573938125,0.2519476272551027,24.760454167765218,0.15981402220632446,0.028398670293588637,38560.26433482914,38560.26433482914,0.013866824940174743,0.013866824940174743,5703.653111805588,5703.653111805588,0.002955857948713971,0.002955857948713971,26068.282847039005
12,DD2_M14351298_M0_LR,True,False,,,R01,LR,passed,DD2,1435.0,1298.0,1.5743,1.4105,2.9848,1.42384261414,1.28846736986,8.95543757845,8.93012979813,0.158991692697,0.144283168519,0.0967289918761,0.104151310814,634.723987019,1110.44044957,840.8444014427437,157.75574966764574,0.03814535625366716,,2.7073,0.0410429378759,7.405689999999999,1.65253389976,282.8422071157618,2440.17021277,0.011771835525776536,inf,0.03814535625366716,,,0.00101215,0.0,0.0016390624218635382,0.022872682333191115,35.44737642386594,0.2338168482867357,21.046976423158625,0.18236004251889545,0.030083793383161736,38241.89362130728,38241.89362130728,0.014211084548355781,0.014211084548355781,4982.486558763945,4982.486558763945,0.002873290920696875,0.002873290920696875,27118.236569585268
13,DD2_M14861254_M0_HR,True,False,,,R03,HR,not passed,DD2,1486.0,1254.0,1.6359,1.3583,2.9942,1.4740133838,1.24471363159,8.96166461003,8.91309676871,0.16447984299,0.139649874543,0.0937810452991,0.106731976282,519.349649344,1339.67094521,837.8555014749272,157.37069379166357,0.013492737583941771,,2.71388,0.00732022397983,7.40895,0.636358267291,283.32444659333026,995.987841945,0.010613027901061223,inf,0.013492737583941771,,,6.40777e-07,5.411563038689842e-05,0.0003704972864155165,0.001093357388516188,11.643005127751989,0.15964009212900898,98.78261828202322,0.05869726441492125,1.973200855230604e-06,131301.19244378162,131301.19244378162,0.02460658095116673,0.02460658095116673,29540.17657425321,29540.17657425321,0.006005488058432268,0.006005488058432268,79207.26666820022
14,DD2_M14861254_M0_LR,True,False,,,R01,LR,passed,DD2,1486.0,1254.0,1.6359,1.3583,2.9942,1.4740133838,1.24471363159,8.96166461003,8.91309676871,0.16447984299,0.139649874543,0.0937810452991,0.106731976282,519.349649344,1339.67094521,837.8555014749272,157.37069379166357,0.04028906222494763,,2.71388,0.033996947724099995,7.40895,1.45945741486,283.32444659333026,2440.17021277,0.01188191268553238,inf,0.04028906222494763,,,0.0016582,0.0,0.0018889359018157336,0.03276322503770366,31.114676933432182,0.1985926985781328,16.63100442630563,0.16517801801471474,0.0404361874531572,32851.05461256525,32851.05461256525,0.01218240110474352,0.01218240110474352,4356.677785743129,4356.677785743129,0.002586756859995825,0.002586756859995825,22154.430590300522
15,DD2_M14971246_M0_LR,True,False,,,,LR,passed,DD2,1497.0,1246.0,,,,,,,,,,,,,,,,0.046562554699724285,,,0.0379085046316,,1.53497053581,,2440.17021277,0.009280981289463064,inf,0.046562554699724285,,,0.00124425,0.0,0.0014207997946042187,0.02622073275601021,32.15101966171285,0.20623049896054246,20.210495048157526,0.17586470166526022,0.034394765662094866,,,,,,,,,
16,DD2_M15091235_M0_LK_SR,True,False,,,R04,SR,passed,DD2,1509.0,1235.0,1.6632,1.3343,2.9975,1.49611454524,1.22451440218,8.96395661617,8.91186674116,0.166903256584,0.137402887702,0.0924482717295,0.107466500474,475.861252986,1462.87498411,839.5582280921059,157.7969963704104,0.027166744422808,,2.71968,0.038817446440699996,7.40527,1.4794601572400001,283.28306630812637,2489.96960486,0.007748036684662964,inf,0.027166744422808,,,0.00268757,0.00042294357472902837,0.0031704992594988827,0.028389415957575836,30.30340368100475,0.1980137821952377,15.548060684224039,0.18235481651264893,0.07987730190124821,27195.501745170517,27195.501745170503,0.009630702151898068,0.009630702151898068,2501.673698573797,2501.673698573797,0.001971176669890724,0.001971176669890724,20153.836924435094
17,DD2_T05_15491205_45km_M0corot,True,True,,,R04_corot,,passed,DD2,1549.0,1205.0,1.7117,1299.0,3.0107,1.5352028707700005,1.19467633413,8.97075922091,8.901620423230002,0.171134158427,0.134209044827,0.0898696465327,0.108984794551,408.168571016,1668.66794411,833.4635530971727,156.8599555130242,0.05769091069769496,,2.73164,0.031248528273499998,8.0226,1.4158720030899998,282.5461789216109,2489.96960486,0.010115987007287386,inf,0.05769091069769496,,,0.00492247,0.0,0.0017091156210694276,0.05697371060409458,16.727400123759967,0.08056309366250987,7.720771767222552,0.13611873367130733,0.08151683174128507,28586.40209662873,28586.40209662873,0.010544367874295638,0.010544367874295638,4208.59150068273,4208.59150068273,0.0024443596082465834,0.0024443596082465834,20111.496722818203
18,DD2_T05_15491205_45km_M0LKcorot,True,True,,,R04_corot,,passed,DD2,1549.0,1205.0,1.7117,1299.0,3.0107,1.5352028707700005,1.19467633413,8.97075922091,8.901620423230002,0.171134158427,0.134209044827,0.0898696465327,0.108984794551,408.168571016,1668.66794411,833.4635530971727,156.8599555130242,0.037199603619278716,,2.73164,0.0359622214852,8.0226,1.53663265943,282.5461789216109,2440.17021277,0.010100224463380913,inf,0.037199603619278716,,,0.00545038,0.0,0.004991489337136919,0.040863997799032464,18.447663602016426,0.08852219418521699,8.185716115628635,0.14367464983303915,0.10055785903980947,26854.5888802956,26854.5888802956,0.009834136934147213,0.009834136934147213,3388.6815567819463,3388.6815567819463,0.00221733530765398,0.00221733530765398,19781.67038653165
19,LS220_M13641364_M0_HR,True,False,,,R01,HR,not passed,LS220,1364.0,1364.0,1.4912,1.4912,2.9824,1.34089609351,1.34089609351,8.61280868228,8.61280868228,0.155686193601,0.155686193601,0.0980886397017,0.0980886397017,714.948741246,714.948741246,714.9487412463478,134.05351980529338,0.015620681011315769,,2.70282,0.00964185710465,7.39835,0.7971639275769999,282.4745591972195,1095.58662614,0.01278082462205524,inf,0.015620681011315769,,,6.510819999999999e-07,0.00017459110764918935,0.00038768719385804616,0.0007624816419905631,13.445871955402286,0.1902271261599921,110.71592675745913,0.06559528861187991,2.5038558070279307e-06,131596.9006036975,131596.9006036975,0.024508631906502643,0.024508631906502643,29458.370125336933,29458.370125336933,0.005992669476215076,0.005992669476215076,78974.0044899727
20,LS220_M13641364_M0_LK_SR,True,False,,,R03,SR,passed,LS220,1364.0,1364.0,1.4912,1.4912,2.9824,1.34089609351,1.34089609351,8.61280868228,8.61280868228,0.155686193601,0.155686193601,0.0980886397017,0.0980886397017,714.948741246,714.948741246,714.9487412463478,134.05351980529338,0.022272474539847813,,2.70282,0.0614343463642,7.39835,2.01262244461,282.4745591972195,2987.96352584,0.011697149728485148,inf,0.022272474539847813,,,0.00127878,0.13153545174148806,0.0016380341276863253,0.005818682458331545,35.27155287569458,0.2519298028730509,20.22695242410736,0.1647037002946402,0.031004906131999545,37289.03106844967,37289.031068449665,0.013428605316840876,0.013428605316840876,5169.835717307729,5169.835717307729,0.0028457826769091184,0.0028457826769091184,24963.9123469989
21,LS220_M13641364_M0_LR,True,False,,,R01,LR,passed,LS220,1364.0,1364.0,1.4912,1.4912,2.9824,1.34089609351,1.34089609351,8.61280868228,8.61280868228,0.155686193601,0.155686193601,0.0980886397017,0.0980886397017,714.948741246,714.948741246,714.9487412463478,134.05351980529338,0.04054126292745122,,2.70282,0.05224183908630002,7.39835,1.8680339826499999,282.4745591972195,2987.96352584,0.013285226027062405,0.017294109151497226,0.04054126292745122,0.09292000665103446,,0.00201487,0.0,0.0037708620657195694,0.011848737323934336,31.811043241108354,0.21101899219529047,15.815885652488742,0.16705114986857714,0.05025457595591088,35461.196557339266,30769.6738163131,0.010933757595653959,0.011055962452551776,3740.650353820975,3681.833296664429,0.0023387960332422954,0.002354003125601121,20679.329973313244
22,LS220_M13641364_M0_SR,True,False,,,R01,SR,passed,LS220,1364.0,1364.0,1.4912,1.4912,2.9824,1.34089609351,1.34089609351,8.61280868228,8.61280868228,0.155686193601,0.155686193601,0.0980886397017,0.0980886397017,714.948741246,714.948741246,714.9487412463478,134.05351980529338,0.05085784791423848,,2.70282,0.050284328953900004,7.39835,1.8377633646,282.4745591972195,2987.96352584,0.013659586444841164,0.015682389037060256,0.05085784791423848,0.09789748078208768,,0.00169045,0.0,0.0027422717032461737,0.008309151533175341,32.5284676908735,0.2173613884206277,16.979887836079154,0.1553627578384099,0.03646913153087284,35337.58319849636,34950.33703231346,0.012295154182361715,0.012376656854031462,4959.310009328891,4998.171633937423,0.0026825869344051572,0.0026946694777188872,22844.88937423584
23,LS220_M14001330_M0_HR,True,False,,,R01,HR,not passed,LS220,1.4,1.33,1.5343,1.4499,2.9842,1.37590980007,1.30718560357,8.59886009026,8.629269301599999,0.160010559714,0.151482885308,0.0948353231075,0.100912974479,602.742319993,843.414093353,714.5993851946083,134.02193268821406,0.011711570122510208,,2.7041,0.004419205244029999,7.401669999999997,0.419520846034,282.6193901954332,946.188449848,0.008745538856537474,inf,0.011711570122510208,,,7.7336e-08,2.480564065800259e-05,3.402922632823791e-07,5.636463124401456e-06,11.038010665000431,0.20290299708997106,165.53775990871006,0.08112089958104897,4.5485806164969083e-07,131603.67587495944,131603.67587495944,0.024508313991619048,0.024508313991619048,29460.29823289073,29460.29823289073,0.00599273346895469,0.00599273346895469,78973.73300366005
24,LS220_M14001330_M0_SR,True,False,,,R01,SR,passed,LS220,1.4,1.33,1.5343,1.4499,2.9842,1.37590980007,1.30718560357,8.59886009026,8.629269301599999,0.160010559714,0.151482885308,0.0948353231075,0.100912974479,602.742319993,843.414093353,714.5993851946083,134.02193268821406,0.03695528418872837,,2.7041,0.052448263565699996,7.401669999999997,1.88012028551,282.6193901954332,3037.76291793,0.013683155735240465,0.016911941987225634,0.03695528418872837,0.08490947239639285,,0.00171275,0.0,0.003082685083115687,0.009565051381897716,30.93068281681053,0.20550442171086675,16.156207129592758,0.1611557358015764,0.039757202009091504,47243.893216660654,33567.792871340505,0.012127036409631477,0.01207077595174616,4920.657398059634,4502.909911017873,0.002611386974750386,0.0025943972902536193,22146.1241271921
25,LS220_M14351298_M0_HR,True,False,,,R01,HR,not passed,LS220,1435.0,1298.0,1.5771,1.4119,2989.0,1.41044414277,1.2759437083299998,8.58242814733,8.637031974760001,0.1643407103,0.147729730751,0.0916430445101,0.103849833026,509.655591408,983.970588358,714.2818775782486,134.05839996407732,0.01379222591816478,,2.70742,0.0063490362642799995,7.40455,0.5754687163050001,282.8215169731599,896.3890577510001,0.01086548925115428,inf,0.01379222591816478,,,3.2948e-07,0.00018347292271854863,3.1986286836504926e-06,1.4636222574112885e-05,12.783725921510332,0.170603149025434,119.21333901116913,0.06115993520092267,1.1015189689083456e-06,131603.25203919108,131603.25203919108,0.024507756149589967,0.024507756149589967,29458.9493666592,29458.9493666592,0.005992620851333594,0.005992620851333594,78972.2495618351
26,LS220_M14351298_M0_SR,False,False,,,R01,SR,passed,LS220,1435.0,1298.0,1.5771,1.4119,2989.0,1.41044414277,1.2759437083299998,8.58242814733,8.637031974760001,0.1643407103,0.147729730751,0.0916430445101,0.103849833026,509.655591408,983.970588358,714.2818775782486,134.05839996407732,0.038704926562347,,2.70742,0.04939387332769999,7.40455,1.8003372127200001,282.8215169731599,2987.96352584,0.013635756342717091,0.016628327957713053,0.038704926562347,0.11641051283201778,,0.0023975999999999997,0.0,0.0027433290500889717,0.011241251103681174,26.687012691240664,0.17330408317240156,12.590244717717715,0.19079394221638304,0.0780072954955943,21543.822240933754,28042.483576757542,0.01156885910591068,0.009890193274336566,3151.0482475588988,2431.863475953568,0.0022327578554304237,0.0019626226827446887,20737.492119902658
27,LS220_M14691268_M0_HR,True,False,,,R01,HR,not passed,LS220,1469.0,1268.0,1.6195,1.3769,2.9964,1.44443532987,1.2470205847799998,8.563919049739999,8.642672727110003,0.16866535022,0.14428651246500002,0.0884964771098,0.106567168582,432.224328115,1136.06687419,713.8651489563788,134.12846165089059,0.017527948823999127,,2.71256,0.020380005253400002,7.405869999999997,1.1775666178200002,283.00454515771554,3037.76291793,0.013828698542232464,inf,0.017527948823999127,,,0.000318154,0.7623134990960722,0.0022239936352769,0.005089330775779575,21.260711985891138,0.15038775798451376,15.333149304739212,0.33260953255938946,0.03145835904693537,60350.7590572164,60350.7590572164,0.01854813912800424,0.01854813912800424,7394.907872571532,7394.907872571532,0.0032493020124215745,0.0032493020124215745,51332.76359553655
28,LS220_M14691268_M0_LK_SR,True,False,,,R03,SR,passed,LS220,1469.0,1268.0,1.6195,1.3769,2.9964,1.44443532987,1.2470205847799998,8.563919049739999,8.642672727110003,0.16866535022,0.14428651246500002,0.0884964771098,0.106567168582,432.224328115,1136.06687419,713.8651489563788,134.12846165089059,0.022367049803286656,,2.71256,0.0444810203762,7.405869999999997,1.61359581716,283.00454515771554,2938.16413374,0.011578595399583296,inf,0.022367049803286656,,,0.00320271,0.04610084964573246,0.00378046854554096,0.011786757348625616,31.538512351325558,0.20905496826507566,14.716662842780025,0.16937323414875216,0.08211742302738761,27994.90205152545,27994.902051525445,0.009674559972182148,0.009674559972182148,2760.490983307946,2760.490983307946,0.002040651394126516,0.002040651394126516,20184.038208531285
29,LS220_M14691268_M0_LR,True,False,,,R01,LR,passed,LS220,1469.0,1268.0,1.6195,1.3769,2.9964,1.44443532987,1.2470205847799998,8.563919049739999,8.642672727110003,0.16866535022,0.14428651246500002,0.0884964771098,0.106567168582,432.224328115,1136.06687419,713.8651489563788,134.12846165089059,0.042590393635292836,,2.71256,0.046799989734899995,7.405869999999997,1.7250113316799998,283.00454515771554,2987.96352584,0.013111502794487894,inf,0.042590393635292836,,,0.00366436,0.0,0.004417535640538319,0.029549427224887775,29.560522851256753,0.17762233751855847,12.991899817299617,0.16552700345615606,0.08973559992404072,27760.448384300344,27760.448384300344,0.0095759825001545,0.0095759825001545,2753.69660138458,2753.69660138458,0.002031309919246453,0.002031309919246453,20287.99022756871
30,LS220_M14691268_M0_SR,True,False,,,R01,SR,passed,LS220,1469.0,1268.0,1.6195,1.3769,2.9964,1.44443532987,1.2470205847799998,8.563919049739999,8.642672727110003,0.16866535022,0.14428651246500002,0.0884964771098,0.106567168582,432.224328115,1136.06687419,713.8651489563788,134.12846165089059,0.04960472567367378,,2.71256,0.0376799569153,7.405869999999997,1.55912555334,283.00454515771554,2938.16413374,0.013505566392149749,inf,0.04960472567367378,,,0.00348255,0.0,0.0033323677759651764,0.02681874508437456,30.19428347937955,0.1728051520162338,12.131268168411081,0.17555218500074374,0.09592636456707873,27816.36485568056,27816.36485568056,0.00939320309890289,0.00939320309890289,2478.032635542981,2478.032635542981,0.0019246498487125786,0.0019246498487125786,20937.384799455656
31,SFHo_M13641364_M0_HR,True,False,,,R01,HR,passed,SFHo,1364.0,1364.0,1.5031,1.5031,3.0062,1.35452801598,1.35452801598,8.06259610508,8.06259610508,0.168001605958,0.168001605958,0.082938278237,0.082938278237,413.142377296,413.142377296,413.14237729604514,77.46363315098243,0.0232497522620492,,2.70328,0.0630908600722,7.404910000000001,2.04526624403,282.7610380947849,3685.1550152,0.014207334845591137,0.003352139066220939,0.0232497522620492,0.0376123608559095,,0.00338459,0.0,0.003506453152658307,0.007389238440766319,29.48566511784191,0.22179323167533369,16.44371163782024,0.19752273753305424,0.11802378124198712,511946.8232899075,159051.73045763592,0.04795975603720068,0.024526868714367912,75264.85240856356,19530.844658583184,0.007960957459663751,0.004227442245062136,118999.15913868738
32,SFHo_M13641364_M0_LK_SR,True,False,,,R03,SR,passed,SFHo,1364.0,1364.0,1.5031,1.5031,3.0062,1.35452801598,1.35452801598,8.06259610508,8.06259610508,0.168001605958,0.168001605958,0.082938278237,0.082938278237,413.142377296,413.142377296,413.14237729604514,77.46363315098243,0.023596528227991628,,2.70328,0.061779667455199985,7.404910000000001,1.91638341235,282.7610380947849,3734.95440729,0.012039985058450955,0.006165753153526554,0.023596528227991628,0.09781204665134678,,0.00657073,0.0033835485978694077,0.007356069183586559,0.024778103988069348,33.232936554108434,0.2261638452418117,16.00607871828549,0.18286394030450195,0.19638049518270093,31135.506922792643,166898.85125324418,0.009283128315304466,0.024869360498556703,2368.987380871985,20911.629411575515,0.0017606975288598048,0.0041295031016771785,130798.37370339983
33,SFHo_M13641364_M0_LR,True,False,,,R01,LR,not passed,SFHo,1364.0,1364.0,1.5031,1.5031,3.0062,1.35452801598,1.35452801598,8.06259610508,8.06259610508,0.168001605958,0.168001605958,0.082938278237,0.082938278237,413.142377296,413.142377296,413.14237729604514,77.46363315098243,0.030169509036991306,,2.70328,0.04647187595340002,7.404910000000001,1.71625829708,282.7610380947849,2689.16717325,0.013742339800350152,inf,0.030169509036991306,,,0.0239808,7.29894874092823,0.3811481794657741,0.6204289794828413,24.746447289783678,0.3801591654318807,43.64461901562917,0.8527480090322258,15.585983414771988,546323.853741481,546323.853741481,0.05047840317024958,0.05047840317024958,84923.28653578415,84923.28653578415,0.00968351496002185,0.00968351496002185,525569.6790529808
34,SFHo_M13641364_M0_SR,True,False,,,R01,SR,passed,SFHo,1364.0,1364.0,1.5031,1.5031,3.0062,1.35452801598,1.35452801598,8.06259610508,8.06259610508,0.168001605958,0.168001605958,0.082938278237,0.082938278237,413.142377296,413.142377296,413.14237729604514,77.46363315098243,0.02168137914335504,,2.70328,0.06098187064180001,7.404910000000001,2.00918709914,282.7610380947849,3635.3556231,0.01401424368273683,0.0035767553168881924,0.02168137914335504,0.034942214901152666,,0.00309578,0.03891080887528501,0.0031782706074778714,0.006412589833323504,32.823508882932785,0.23520321437989786,17.6649345288748,0.21117746122075856,0.12339388112941616,595941.7422582196,160946.96976224115,0.052061270843270266,0.02469283741789081,90193.19712399946,20252.26070526753,0.008607019750500832,0.004223761285795564,121087.21709057003
35,SFHo_M14521283_M0_HR,True,False,,,R01,HR,passed,SFHo,1452.0,1283.0,1.6124,1404.0,3.0164,1.4419745752700002,1.2739463364,8.03977628285,8.08538890905,0.179355246011,0.157562068242,0.0763895869614,0.0882703779108,274.395476484,606.006538943,412.2825110530633,77.40891580303409,0.029097656051351062,,2.71006,0.0631114348319,7.3998300000000015,2.0467048276499997,282.7578549959232,3485.95744681,0.013939110823956451,inf,0.029097656051351062,,,0.00382913,0.0038064921725893272,0.006319262737884884,0.07627047141308882,26.625408166147018,0.15758302391973894,12.500414434349315,0.23052541174365976,0.181872418084565,183632.4234544137,183632.4234544137,0.026644749522574143,0.026644749522574143,24539.786147239654,24539.786147239654,0.004421801071215882,0.004421801071215882,145148.0123940793
36,SFHo_M14521283_M0_LK_SR,True,False,,,R03,SR,passed,SFHo,1452.0,1283.0,1.6124,1404.0,3.0164,1.4419745752700002,1.2739463364,8.03977628285,8.08538890905,0.179355246011,0.157562068242,0.0763895869614,0.0882703779108,274.395476484,606.006538943,412.2825110530633,77.40891580303409,0.02494422573199516,,2.71006,0.0710229791349,7.3998300000000015,2.1136774955599997,282.7578549959232,3485.95744681,0.011791464216699365,inf,0.02494422573199516,,,0.00404902,0.0,0.021201690950649044,0.03031412158572708,29.72779518621861,0.16269864536179002,12.653942705716439,0.2445345951170901,0.21640104251304304,193214.01843671687,193214.01843671687,0.02755368097479732,0.02755368097479732,26699.84528959605,26699.84528959605,0.00460040866324602,0.00460040866324602,155564.41968015707
37,SFHo_M14521283_M0_LR,True,False,,,R01,LR,not passed,SFHo,1452.0,1283.0,1.6124,1404.0,3.0164,1.4419745752700002,1.2739463364,8.03977628285,8.08538890905,0.179355246011,0.157562068242,0.0763895869614,0.0882703779108,274.395476484,606.006538943,412.2825110530633,77.40891580303409,0.033448118169537897,,2.71006,0.0626401114284,7.3998300000000015,2.06283128356,282.7578549959232,3436.15805471,0.013474115778715469,inf,0.033448118169537897,,,0.0345056,8.494821698484186,0.09518720529924224,0.1719335101779352,32.36784721489557,0.3723071257050784,40.527802058216636,0.6818724869876194,14.339179447719625,545360.1526116158,545360.1526116158,0.049949699591135606,0.049949699591135606,89015.34462225797,89015.34462225797,0.009616620227046036,0.009616620227046036,531417.0157870646
38,SFHo_M14521283_M0_SR,True,False,,,R01,LR,passed,SFHo,1452.0,1283.0,1.6124,1404.0,3.0164,1.4419745752700002,1.2739463364,8.03977628285,8.08538890905,0.179355246011,0.157562068242,0.0763895869614,0.0882703779108,274.395476484,606.006538943,412.2825110530633,77.40891580303409,0.033006766940156626,,2.71006,0.051928342684000005,7.3998300000000015,1.86551430635,282.7578549959232,3436.15805471,0.01373025711719567,inf,0.033006766940156626,,,0.00430061,0.0,0.01297461613914442,0.031551834588996665,34.08860746664045,0.20187092503317056,15.128903599140587,0.20942029624216096,0.1685761148885061,178966.15107923874,178966.15107923874,0.026135763432532315,0.026135763432532315,22959.737564542535,22959.737564542535,0.004325352920939494,0.004325352920939494,140229.5409175346
39,SLy4_M13641364_M0_HR,True,False,,,R03,HR,not passed,SLy4,1364.0,1364.0,1.5016,1.5016,3.0032,1.3422224473299995,1.3422224473299995,7.971128424139999,7.971128424139999,0.16838511982,0.16838511982,0.08132995378610001,0.08132995378610001,400.525631047,400.525631047,400.5256310470942,75.10035450980605,0.016345758031013576,,2.70364,0.0267254863291,7.39963,1.412234025,282.53981272388717,4432.14589666,0.013308869842922115,inf,0.016345758031013576,,,0.00016215200000000002,0.2652490628928071,0.15788821636906394,0.2562401704337832,30.345512894537702,0.2546127753414768,33.49722469935617,0.5609079858188613,0.04559695900723825,143965.80858061402,143965.80858061402,0.021650105027722626,0.021650105027722626,9499.339995153963,9499.339995153963,0.003967249499056582,0.003967249499056582,93848.36691656866
40,SLy4_M13641364_M0_LR,True,False,,,R02,LR,not passed,SLy4,1364.0,1364.0,1.5016,1.5016,3.0032,1.3422224473299995,1.3422224473299995,7.971128424139999,7.971128424139999,0.16838511982,0.16838511982,0.08132995378610001,0.08132995378610001,400.525631047,400.525631047,400.5256310470942,75.10035450980605,0.027489876572890717,,2.70364,0.048983605171800004,7.39963,1.73309476397,282.53981272388717,746.990881459,0.024334769305500704,-0.008477650135587827,0.027489876572890717,0.04600843403814737,,0.0341289,46.78496087785738,0.5393254598675667,0.7670800735807547,13.856496533492331,0.3719864109292901,55.702711353134745,0.8784093666071866,23.53670753715129,867404.1261604056,627998.6156020388,0.06291199207141955,0.05375028515906044,136753.04450450814,99249.65506290074,0.011499671321449821,0.010177466626480357,580465.5681990499
41,SLy4_M13641364_M0_SR,True,False,,,R02,SR,passed,SLy4,1364.0,1364.0,1.5016,1.5016,3.0032,1.3422224473299995,1.3422224473299995,7.971128424139999,7.971128424139999,0.16838511982,0.16838511982,0.08132995378610001,0.08132995378610001,400.525631047,400.525631047,400.5256310470942,75.10035450980605,0.035914956290901086,,2.70364,,7.39963,,282.53981272388717,,,,0.035914956290901086,0.09497744197305663,,0.00444597,0.0,0.005194467385423032,0.01901752579975376,35.206186835239784,0.25403676317296564,18.22561162070369,0.21630537459643234,0.1859215436972472,38774.04772010637,227810.60249170684,0.010346604266913074,0.030125731606074457,3201.755492204514,30860.85543804386,0.0019235137391627481,0.004906909867266318,181268.48862051827
42,SLy4_M14521283_M0_LR,True,False,,,R02,LR,passed,SLy4,1452.0,1283.0,1.6105,1.4018,3.0123,1.4285458371700002,1.26177437769,7.93328010082,7.9993285326,0.18007009048300002,0.157735189638,0.0751336659969,0.0868060982155,264.568160499,592.675451653,400.8832872936187,75.27471707311219,0.028183428504775575,,2.70956,0.0572130330958,7.3966,1.9607131010099998,282.6559958323444,199.19756838900003,0.01979489588521156,inf,0.028183428504775575,,,0.00523808,0.0028548691294479314,0.005689233638460565,0.08348520302494597,26.91941322927316,0.15940604409353026,11.996059713520989,0.2385481660617249,0.2664114007023561,252019.86529581225,252019.86529581225,0.031947619982828385,0.031947619982828385,35745.94614933818,35745.94614933818,0.005216604850150049,0.005216604850150049,207453.0020161823
43,SLy4_M14521283_M0_SR,False,False,,,R02,SR,passed,SLy4,1452.0,1283.0,1.6105,1.4018,3.0123,1.4285458371700002,1.26177437769,7.93328010082,7.9993285326,0.18007009048300002,0.157735189638,0.0751336659969,0.0868060982155,264.568160499,592.675451653,400.8832872936187,75.27471707311219,0.03404709483798391,,2.70956,0.0637137532469,7.3966,2.08615303824,282.6559958323444,3436.15805471,0.013765722840985236,0.019524769889487918,0.03404709483798391,0.7778251642721373,,0.00640477,0.0,0.016313430863439924,0.09908679049486176,30.711508313620186,0.16261498951112016,11.567986357745864,0.2469188118026096,0.3490118662426715,233748.7585448779,271101.09975701536,0.045189194315988064,0.03325152499920038,48409.076998369295,39253.6131835709,0.00777736530512434,0.005450556154487318,228047.2754974909
