,name,EOS,publish,export,comment,resolution,M1,M2,Mb1,Mb2,Mb,Mg1,Mg2,R1,R2,C1,C2,k21,k31,k41,k22,k32,k42,lam21,lam31,lam41,lam22,lam32,lam42,Lambda,k2T,tend,finished,MADM,EGW,JADM,JGW,f0,fpeak,tcoll,Mdisk,Mdisk_fit,Mej,Yeej,Sej,vej,Ekej,chi2_simDisk,chi2_fitDisk,err_simDisk,err_fitDisk,chi2w_simDisk,chi2w_fitDisk,errw_simDisk,errw_fitDisk,chi2
0,BHBlp_M125125_LK,BHBlp,yes,yes,leakage,125,1.25,1.25,1.35299,1.35299,2.70598,1.24023940375994,1.24023940375994,8.91710657725781,8.91710657725781,0.14018,0.14018,0.10517,0.02864,0.01061,0.10517,0.02864,0.01061,1295.29991380455,3590.1232699913,9669.00043270956,1295.29991380455,3590.1232699913,9669.00043270956,1295.29991380455,242.868733838352,21.9414611178119,yes,2.47564,0.0285657475438,6.16715,1.14736585108,644684,2390.37082067,inf,,0.099835974807158,0.00126821,0.125242271236,14.6854556615,0.178573418684,0.459251644503,34709.392331554,34709.392331554,0.013163878926401,0.013163878926401,4399.49025163303,4399.49025163303,0.002699472611802,0.002699472611802,269687.967244814
1,BHBlp_M1251365_LK,BHBlp,yes,yes,leakage,125,1365,1.25,1.49103,1.35241,2.84344,1.35534628660443,1.23975141216878,8.94143849076379,8.91710657725781,0.15266,0.14018,0.09914,0.02663,0.00972,0.10517,0.02864,0.01061,797.134058520787,1837.52432406198,4111.30445754929,1295.29991380455,3590.1232699913,9669.00043270956,1016.97535763328,190.768609561901,21.8823515781626,yes,2.58906,0.0422719702279,6.63885,1.49161603034,656,2539.76899696,inf,,0.099809246325441,0.000580161,0.136846798679,17.3662278473,0.213024813478,0.351464347476,47954.4025979912,47954.4025979912,0.016647621098779,0.016647621098779,6803.05848066966,6803.05848066966,0.003198864990066,0.003198864990066,47954.4025979912
2,BHBlp_M130130_LK,BHBlp,yes,yes,leakage,125,1.3,1.3,1.41572,1.41572,2.83144,1.29280247452936,1.29280247452936,8.92795824462606,8.92795824462606,0.14561,0.14561,0.10267,0.02781,0.01024,0.10267,0.02781,0.01024,1045.67396125715,2671.78380087502,6628.56983908347,1045.67396125715,2671.78380087502,6628.56983908347,1045.67396125715,196.063867735717,26.9303062642109,yes,2.5796,0.0385810240349,6.60881,1.42656704097,654862,2440.17021277,inf,,0.099817466747414,0.000658751,0.163376437187,22.3327238035,0.119725908155,0.113784924758,71645.367721349,71645.367721349,0.019465907885474,0.019465907885474,13564.0394468198,13564.0394468198,0.004349365047207,0.004349365047207,71645.3677213489
3,BHBlp_M135135_LK,BHBlp,yes,yes,leakage,125,1.35,1.35,1.47277,1.47277,2.94554,1.34023468977113,1.34023468977113,8.93862146593392,8.93862146593392,0.15103,0.15103,0.09996,0.0269,0.00984,0.09996,0.0269,0.00984,848.044957999892,2001.00631782103,4584.23416460744,848.044957999892,2001.00631782103,4584.23416460744,848.044957999892,159.00842962498,21.5868038799162,yes,2.67288,0.0558950347318,7.01514,1.85579331814,663.58,2589.56838906,inf,,0.099616129547211,0.000672403,0.149520482908,20.3491359781,0.166318356069,0.263299267472,50861.589145959,50861.589145959,0.016794565369027,0.016794565369027,7851.88856413858,7851.88856413858,0.003486214929795,0.003486214929795,50861.589145959
4,BHBlp_M135135_LK_HR,BHBlp,yes,yes,leakage,0.083333,1.35,1.35,1.47277,1.47277,2.94554,1.34023468977113,1.34023468977113,8.93862146593392,8.93862146593392,0.15103,0.15103,0.09996,0.0269,0.00984,0.09996,0.0269,0.00984,848.044957999892,2001.00631782103,4584.23416460744,848.044957999892,2001.00631782103,4584.23416460744,848.044957999892,159.00842962498,21.216384098114,yes,2.67288,0.0602691490848,7.01514,1.9083086357,663.58,2788.76595745,inf,,0.099616129547211,0.000497278,0.157571758906,20.4932298421,0.17903775196,0.187880286973,56412.5580080696,56412.5580080696,0.017893688307419,0.017893688307419,8574.38694845185,8574.38694845185,0.003643159755418,0.003643159755418,56412.5580080695
5,BHBlp_M135135_M0,BHBlp,yes,no,M0,125,1.35,1.35,1.47277,1.47277,2.94554,1.34023468977113,1.34023468977113,8.93862146593392,8.93862146593392,0.15103,0.15103,0.09996,0.0269,0.00984,0.09996,0.0269,0.00984,848.044957999892,2001.00631782103,4584.23416460744,848.044957999892,2001.00631782103,4584.23416460744,848.044957999892,159.00842962498,34.8628064851439,yes,2.67288,0.056052070356,7.01514,1.83333242535,663.58,2689.16717325,inf,,0.099616129547211,0.00138836,0.262248129383,23.7373162877,0.144859225911,0.395116287729,40731.3579806306,40731.3579806306,0.014053738084309,0.014053738084309,6692.29254305959,6692.29254305959,0.003088741103116,0.003088741103116,40731.3579806307
6,BHBlp_M140120_LK,BHBlp,yes,yes,leakage,125,1.4,1.2,1.53253,1.29693,2.82946,1.38955200310838,1.19291678382275,8.94797392304742,8.90405876678786,0.15646,0.13477,0.09713,0.02596,0.00942,0.10752,0.02943,0.01096,690.630096309075,1508.06528698578,3193.4613637817,1612.24802950828,4859.33007687365,14233.5160506694,1057.59523096822,198.567152823735,21.6459134195655,yes,2.57644,0.0332728682462,6.53749,1.24058381219,652714,2489.96960486,inf,,0.09982011495838,0.00108822,0.106069387727,13.2279342741,0.160935823725,0.358130437927,40908.7821669382,40908.7821669382,0.014554445078858,0.014554445078858,6144.47482107478,6144.47482107478,0.003081953073279,0.003081953073279,40908.7821669383
7,BHBlp_M140120_M0,BHBlp,yes,no,M0,125,1.4,1.2,1.53253,1.29693,2.82946,1.38955200310838,1.19291678382275,8.94797392304742,8.90405876678786,0.15646,0.13477,0.09713,0.02596,0.00942,0.10752,0.02943,0.01096,690.630096309075,1508.06528698578,3193.4613637817,1612.24802950828,4859.33007687365,14233.5160506694,1057.59523096822,198.567152823735,26.1382384329106,yes,2.57644,0.0317644511663,6.53749,1.20228661318,652714,2539.76899696,inf,,0.09982011495838,0.00160956,0.193198426805,16.8886133003,0.16773689762,0.603079040492,32719.4644685864,32719.4644685864,0.01226874733,0.01226874733,4288.15290875423,4288.15290875423,0.002585982426122,0.002585982426122,32719.4644685864
8,BHBlp_M140140_LK,BHBlp,yes,yes,leakage,125,1.4,1.4,1.53254,1.53254,3.06508,1.38956022047584,1.38956022047584,8.94797392304742,8.94797392304742,0.15646,0.15646,0.09713,0.02596,0.00942,0.09713,0.02596,0.00942,690.630096309075,1508.06528698578,3193.4613637817,690.630096309075,1508.06528698578,3193.4613637817,690.630096309075,129.493143057952,14.2926866871953,yes,2.77062,0.0628403817956,7.44301,1.91152878322,671364,2888.36474164,11.9611618271984,0.115094965239,0.098314702938405,0.000918827,0.146825547278,17.550995482,0.173337811733,0.340296109781,43539.336223421,42112.2067248216,0.017270490273272,0.014818183688848,8030.77247843727,5773.06947449389,0.003428625859347,0.003054017879686,43539.336223421
9,BHBlp_M140140_LK_HR,BHBlp,yes,yes,leakage,0.083333,1.4,1.4,1.53254,1.53254,3.06508,1.38956022047584,1.38956022047584,8.94797392304742,8.94797392304742,0.15646,0.15646,0.09713,0.02596,0.00942,0.09713,0.02596,0.00942,690.630096309075,1508.06528698578,3193.4613637817,690.630096309075,1508.06528698578,3193.4613637817,690.630096309075,129.493143057952,12.8937609154958,yes,2.77062,0.0663730937489,7.44301,1.98151364623,671364,2888.36474164,10.3297385329686,0.077683846366,0.098314702938405,0.00099084,0.138034911368,16.674950128,0.201674687891,0.49768044241,58392.9401986912,36466.6079953256,0.014331415399001,0.013863320958657,5066.64229851436,4230.34828319183,0.002860031354664,0.002697673813504,58392.9401986912
10,BHBlp_M144139_LK,BHBlp,yes,yes,leakage,125,1.44,1.39,1.58001,1.52026,3.10027,1.42845994114214,1.37946041440251,8.9535534415221,8.94581027159223,0.16083,0.15538,0.09481,0.02519,0.00909,0.09772,0.02615,0.00951,587.3913919792,1206.69488128916,2404.92214982524,719.310854121257,1594.57374853502,3431.35111307928,650.209372648612,121.924397170414,13.666125566913,yes,2.79924,0.0600376184432,7.58863,1.87711104378,675312,2788.76595745,10.3899566740807,0.12918387142,0.097345767555993,0.000593162,0.175112251662,22.4988635919,0.203279926562,0.301705681388,58929.389929414,48090.791795982,0.020797092256443,0.016349658546469,11980.3672990429,6526.17046775929,0.003863646660215,0.003207405359558,58929.3899294139
11,BHBlp_M150150_LK,BHBlp,yes,yes,leakage,125,1.5,1.5,1.6565,1.6565,3313,1.49062547344027,1.49062547344027,8.96110878786069,8.96110878786069,0.16739,0.16739,0.09118,24,0.00857,0.09118,24,0.00857,462.552233111546,869.047296291726,1582.18015973377,462.552233111546,869.047296291726,1582.18015973377,462.552233111546,86.728543708415,10.0013341086578,yes,2.9703,0.0459684907743,8.39708,1.50923752931,689.77,2738.96656535,2.27452903131665,0.0379784109765,0.077299641152068,0.000501553,0.172081440429,20.0825515967,0.234765225914,0.332283538433,290624.996755958,63626.307970191,0.037110669784219,0.016253809014488,31254.9875060694,5446.18423456426,0.006676920186404,0.003160381343048,290624.996755957
12,BHBlp_M150150_LK_HR,BHBlp,no,no,leakage,0.083333,1.5,1.5,1.6565,1.6565,3313,1.49062547344027,1.49062547344027,8.96110878786069,8.96110878786069,0.16739,0.16739,0.09118,24,0.00857,0.09118,24,0.00857,462.552233111546,869.047296291726,1582.18015973377,462.552233111546,869.047296291726,1582.18015973377,462.552233111546,86.728543708415,0.819652283136651,no (20.18 ms to go),2.9703,0.00357711103715,8.39708,0.277375753631,689.77,,inf,,0.077299641152068,0.000000000541,0.300042793516,139.316021559,0.0487819835811,0.0000000135,152468.21073088,152468.21073088,0.022543041489866,0.022543041489866,29128.4134196878,29128.4134196878,0.005792444165369,0.005792444165369,152468.21073088
13,BHBlp_M160160_LK,BHBlp,yes,yes,leakage,125,1.6,1.6,1.77792,1.77792,3.55584,1.5879887042386,1.5879887042386,8.96810716888067,8.96810716888067,0.17841,0.17841,0.08488,0.02195,0.0077,0.08488,0.02195,0.0077,313.053198761785,508.673260549891,800.863835624408,313.053198761785,508.673260549891,800.863835624408,313.053198761785,58.6974747678346,8.54723943328555,yes,3.16204,0.0285081398365,9.32398,1.23561036129,703514,2838.56534954,0.993139586336954,0.0014048430316,0.011023967161267,0.0000129,0.197374706127,101.093929043,0.139630525652,0.00248976771576,9422026.8081026,1809970.21027405,0.196338224570659,0.093246719897928,1447256.27483057,259853.216972609,0.0358868550855,0.017868030846349,9422026.8081026
14,DD2_M120120_LK,DD2,yes,yes,leakage,125,1.2,1.2,1.29692,1.29692,2.59384,1.19292028901531,1.19292028901531,8.90405876678786,8.90405876678786,0.13477,0.13477,0.10752,0.02943,0.01096,0.10752,0.02943,0.01096,1612.24802950828,4859.33007687365,14233.5160506694,1612.24802950828,4859.33007687365,14233.5160506694,1612.24802950828,302.296505532803,24.6604999416786,yes,2.38178,0.0242802032085,5.75981,1.03735515322,633.08,2240.97264438,inf,,0.099836855487129,0.000755344,0.150490086402,20.8735331021,0.135433815231,0.164941304848,59042.6493645122,59042.6493645122,0.017804494356603,0.017804494356603,10544.1386044196,10544.1386044196,0.003896586436219,0.003896586436219,59042.6493645122
15,DD2_M125125_LK,DD2,yes,yes,leakage,125,1.25,1.25,1.35299,1.35299,2.70598,1.24025667835093,1.24025667835093,8.91710657725781,8.91710657725781,0.14018,0.14018,0.10517,0.02864,0.01061,0.10517,0.02864,0.01061,1295.29991380455,3590.1232699913,9669.00043270956,1295.29991380455,3590.1232699913,9669.00043270956,1295.29991380455,242.868733838352,32.3802058198743,yes,2.47564,0.0270131493896,6.16715,1.11114783636,644684,2340.57142857,inf,,0.099835974807158,0.000382383,0.176457572296,26.6464216165,0.149095565986,0.0991626097169,72930.9265406494,72930.9265406494,0.019996344540669,0.019996344540669,12183.1238621032,12183.1238621032,0.004272412651126,0.004272412651126,72930.9265406494
16,DD2_M1251365_LK,DD2,yes,yes,leakage,125,1365,1.25,1.49103,1.35241,2.84344,1.35537720861909,1.23976867182338,8.94143849076379,8.91710657725781,0.15266,0.14018,0.09914,0.02663,0.00972,0.10517,0.02864,0.01061,797.134058520787,1837.52432406198,4111.30445754929,1295.29991380455,3590.1232699913,9669.00043270956,1016.97535763328,190.768609561901,22.1424335526194,yes,2.58906,0.0318636844801,6.63885,1.23952844225,656,2440.17021277,inf,,0.099809246325441,0.000382209,0.150393460087,20.671743803,0.202034424404,0.201892090642,60081.274577846,60081.274577846,0.018544385462861,0.018544385462861,8836.42348232705,8836.42348232705,0.003681482015477,0.003681482015477,60081.2745778461
17,DD2_M130130_LK,DD2,yes,yes,leakage,125,1.3,1.3,1.41572,1.41572,2.83144,1.29282499228844,1.29282499228844,8.92795824462606,8.92795824462606,0.14561,0.14561,0.10267,0.02781,0.01024,0.10267,0.02781,0.01024,1045.67396125715,2671.78380087502,6628.56983908347,1045.67396125715,2671.78380087502,6628.56983908347,1045.67396125715,196.063867735717,22.9226794759899,yes,2.5796,0.03197616812,6.60881,1.24454539906,654862,2489.96960486,inf,,0.099817466747414,0.00120958,0.127007038172,14.856003598,0.178713598481,0.446845814056,35517.2526222728,35517.2526222728,0.013408468324727,0.013408468324727,4548.59218817552,4548.59218817552,0.002746276881891,0.002746276881891,35517.2526222727
18,DD2_M135135_LK,DD2,yes,yes,leakage,125,1.35,1.35,1.47277,1.47277,2.94554,1.34026500358747,1.34026500358747,8.93862146593392,8.93862146593392,0.15103,0.15103,0.09996,0.0269,0.00984,0.09996,0.0269,0.00984,848.044957999892,2001.00631782103,4584.23416460744,848.044957999892,2001.00631782103,4584.23416460744,848.044957999892,159.00842962498,22.3079402636374,yes,2.67288,0.0408860662854,7.01514,1.47438320298,663.58,2539.76899696,inf,,0.099616129547211,0.000293877,0.182207846677,27.3635168203,0.180606491386,0.118640078836,71769.9460182622,71769.9460182622,0.019947285948053,0.019947285948053,10995.5567854449,10995.5567854449,0.004119544383603,0.004119544383603,71769.9460182622
19,DD2_M135135_LK_HR,DD2,yes,yes,leakage,0.083333,1.35,1.35,1.47277,1.47277,2.94554,1.34026500358747,1.34026500358747,8.93862146593392,8.93862146593392,0.15103,0.15103,0.09996,0.0269,0.00984,0.09996,0.0269,0.00984,848.044957999892,2001.00631782103,4584.23416460744,848.044957999892,2001.00631782103,4584.23416460744,848.044957999892,159.00842962498,21.2951968176464,yes,2.67288,0.0450144999588,7.01514,1.56637554595,663.58,2639.36778116,inf,,0.099616129547211,0.000204825,0.181227080417,28.4006665241,0.185417360206,0.0892542327023,82511.5877094912,82511.5877094912,0.021035541961676,0.021035541961676,12853.5803638976,12853.5803638976,0.004404208446372,0.004404208446372,82511.5877094912
20,DD2_M135135_M0,DD2,yes,no,M0,125,1.35,1.35,1.47277,1.47277,2.94554,1.34026500358747,1.34026500358747,8.93862146593392,8.93862146593392,0.15103,0.15103,0.09996,0.0269,0.00984,0.09996,0.0269,0.00984,848.044957999892,2001.00631782103,4584.23416460744,848.044957999892,2001.00631782103,4584.23416460744,848.044957999892,159.00842962498,18.2884915674865,no (2.71 ms to go),2.67288,0.0405296560376,7.01514,1.46941546656,663.58,2539.76899696,inf,,0.099616129547211,0.0014195,0.225551296204,20.5024689813,0.166251706985,0.492784284551,34922.7262981258,34922.7262981258,0.012928319059265,0.012928319059265,4772.06729102293,4772.06729102293,0.002728903828054,0.002728903828054,34922.7262981257
21,DD2_M140120_LK,DD2,yes,yes,leakage,125,1.4,1.2,1.53253,1.29693,2.82946,1.38959109246487,1.19292876120195,8.94797392304742,8.90405876678786,0.15646,0.13477,0.09713,0.02596,0.00942,0.10752,0.02943,0.01096,690.630096309075,1508.06528698578,3193.4613637817,1612.24802950828,4859.33007687365,14233.5160506694,1057.59523096822,198.567152823735,21.4922286164773,yes,2.57644,0.0305524638663,6.53749,1.1779539338,652714,2489.96960486,inf,,0.09982011495838,0.000889373,0.121703207033,14.838858128,0.178656091942,0.358035356336,41453.893566218,41453.893566218,0.015006615919354,0.015006615919354,5734.10353898616,5734.10353898616,0.003048576844098,0.003048576844098,41453.8935662179
22,DD2_M140120_M0,DD2,yes,no,M0,125,1.4,1.2,1.53253,1.29693,2.82946,1.38959109246487,1.19292876120195,8.94797392304742,8.90405876678786,0.15646,0.13477,0.09713,0.02596,0.00942,0.10752,0.02943,0.01096,690.630096309075,1508.06528698578,3193.4613637817,1612.24802950828,4859.33007687365,14233.5160506694,1057.59523096822,198.567152823735,24.8260066526966,yes,2.57644,0.026999011288,6.53749,1.08752639025,652714,2340.57142857,inf,,0.09982011495838,0.00164611,0.211572203284,17.634491606,0.159595757173,0.542362345284,33930.207002883,33930.207002883,0.012454788115294,0.012454788115294,4800.66083666418,4800.66083666418,0.00267573305903,0.00267573305903,33930.207002883
23,DD2_M140140_LK,DD2,yes,yes,leakage,125,1.4,1.4,1.53254,1.53254,3.06508,1.3895993147991,1.3895993147991,8.94797392304742,8.94797392304742,0.15646,0.15646,0.09713,0.02596,0.00942,0.09713,0.02596,0.00942,690.630096309075,1508.06528698578,3193.4613637817,690.630096309075,1508.06528698578,3193.4613637817,690.630096309075,129.493143057952,22.6271317777435,yes,2.77062,0.0536440195295,7.44301,1.79108256352,671364,2639.36778116,inf,,0.098314702938405,0.00041999,0.170901852867,21.9135986193,0.223043086864,0.260589266898,55192.15830537,55192.15830537,0.017698640972161,0.017698640972161,7674.36549427915,7674.36549427915,0.003408566085624,0.003408566085624,55192.1583053701
24,DD2_M140140_LK_HR,DD2,yes,yes,leakage,0.083333,1.4,1.4,1.53254,1.53254,3.06508,1.3895993147991,1.3895993147991,8.94797392304742,8.94797392304742,0.15646,0.15646,0.09713,0.02596,0.00942,0.09713,0.02596,0.00942,690.630096309075,1508.06528698578,3193.4613637817,690.630096309075,1508.06528698578,3193.4613637817,690.630096309075,129.493143057952,22.5089126984449,yes,2.77062,0.0477327163444,7.44301,1.64406377272,671364,2589.56838906,inf,,0.098314702938405,0.000914184,0.135365124917,16.5856904751,0.184838814535,0.388369118345,40162.673418894,40162.673418894,0.014547629635078,0.014547629635078,5159.16790509274,5159.16790509274,0.002929358473326,0.002929358473326,40162.673418894
25,DD2_M144139_LK,DD2,yes,no,leakage,125,1.44,1.39,1.58001,1.52026,3.10027,1.42851325832185,1.37949433797033,8.9535534415221,8.94581027159223,0.16083,0.15538,0.09481,0.02519,0.00909,0.09772,0.02615,0.00951,587.3913919792,1206.69488128916,2404.92214982524,719.310854121257,1594.57374853502,3431.35111307928,650.209372648612,121.924397170414,21.4449409847579,yes,2.79924,0.0570937886781,7.58863,1.89235286087,675312,2589.56838906,inf,,0.097345767555993,0.000531682,0.170668056164,22.0175644974,0.197831552819,0.264375251821,51624.5738727688,51624.5738727688,0.016936443805366,0.016936443805366,7179.45453514639,7179.45453514639,0.003360399567257,0.003360399567257,51624.5738727688
26,DD2_M150150_LK,DD2,yes,yes,leakage,125,1.5,1.5,1.6565,1.6565,3313,1.49070684094546,1.49070684094546,8.96110878786069,8.96110878786069,0.16739,0.16739,0.09118,24,0.00857,0.09118,24,0.00857,462.552233111546,869.047296291726,1582.18015973377,462.552233111546,869.047296291726,1582.18015973377,462.552233111546,86.728543708415,21.2203247340907,yes,2.9703,0.0735807650314,8.39708,2.27434934648,689.77,2738.96656535,inf,,0.077299641152068,0.000690053,0.197331003488,23.2494246791,0.167387468145,0.261229293558,67773.4568262472,67773.4568262472,0.015513106418316,0.015513106418316,7149.07460471033,7149.07460471033,0.003354345895016,0.003354345895016,67773.4568262472
27,DD2_M160160_LK,DD2,yes,no,leakage,125,1.6,1.6,1.77792,1.77792,3.55584,1.58815051056196,1.58815051056196,8.96810716888067,8.96810716888067,0.17841,0.17841,0.08488,0.02195,0.0077,0.08488,0.02195,0.0077,313.053198761785,508.673260549891,800.863835624408,313.053198761785,508.673260549891,800.863835624408,313.053198761785,58.6974747678346,9.95404647693835,yes,3.16204,0.0537546146041,9.32398,1.71088006496,703514,4133.34954407,2.28172755068782,0.0460095444493,0.011023967161267,0.00123068,0.141130844832,12.9466071189,0.236486818059,0.832514593326,243653.75935759,2590195.17220832,0.033152333502838,0.11208872642984,30247.7151003931,420183.731424096,0.005730954376047,0.019084784515012,243653.759357591
28,LS220_M120120_LK,LS220,yes,yes,leakage,125,1.2,1.2,1.29564,1.29564,2.59128,1.17938109401522,1.17938109401522,8.65051903114187,8.65051903114187,0.13872,0.13872,0.11088,0.03205,0.0126,0.11088,0.03205,0.0126,1439.01909740288,4323.07937457077,12617.0992835526,1439.01909740288,4323.07937457077,12617.0992835526,1439.01909740288,269.81608076304,21.1257494706518,yes,2.3781,0.0372849759328,5.75586,1.34818527929,633964,2539.76899696,inf,,0.099836720386027,0.00140069,0.116899163673,14.9572646894,0.146553098364,0.327685613084,39955.8005369696,39955.8005369696,0.013939384845604,0.013939384845604,6501.3152554474,6501.3152554474,0.003053448668857,0.003053448668857,39955.8005369696
29,LS220_M1251365_LK,LS220,yes,yes,leakage,125,1365,1.25,1.49118,1.3547,2.84588,1.34090717580228,1.22862266337396,8.60059227521895,8.64035390889611,0.15871,0.14467,0.09601,0.02685,0.01021,0.10641,0.03047,0.01186,635.629071909269,1411.40933376363,3043.88201008702,1119.43473060578,3063.10455123961,8138.02561434627,848.433748838148,159.195558899078,24.6013904020293,yes,2.58838,0.0536918084107,6.62293,1.71074331941,654686,2838.56534954,inf,,0.09961718216274,0.00110871,0.102591572716,13.090111665,0.160045944821,0.318235153213,40780.2900753434,40780.2900753434,0.01446455648844,0.01446455648844,6123.86726494169,6123.86726494169,0.003070760223926,0.003070760223926,40780.2900753433
30,LS220_M135135_LK,LS220,yes,yes,leakage,125,1.35,1.35,1.47334,1.47334,2.94668,1.3263478329092,1.3263478329092,8.60640061201071,8.60640061201071,0.15686,0.15686,0.0974,0.02733,0.01043,0.0974,0.02733,0.01043,683.764650054586,1559.52698387368,3455.53351049596,683.764650054586,1559.52698387368,3455.53351049596,683.764650054587,128.205871885235,21.7404886830043,yes,2.67124,0.0842542507727,6.99988,2.33084239653,662606,2987.96352584,20.3391758652292,0.0969302395637,0.098181603529793,0.000591045,0.11379542362,15.7096778734,0.157891449754,0.167559408905,57098.6940080536,56923.6813435636,0.017393266936355,0.017553154472954,8872.06829915484,9021.14868995986,0.003684559403819,0.003707452458028,57098.6940080536
31,LS220_M135135_LK_LR,LS220,yes,yes,leakage,0.166666,1.35,1.35,1.47334,1.47334,2.94668,1.3263478329092,1.3263478329092,8.60640061201071,8.60640061201071,0.15686,0.15686,0.0974,0.02733,0.01043,0.0974,0.02733,0.01043,683.764650054586,1559.52698387368,3455.53351049596,683.764650054586,1559.52698387368,3455.53351049596,683.764650054587,128.205871885235,27.6475020119554,yes,2.67124,0.0662628599441,6.99988,1.98944739541,662606,2838.56534954,inf,,0.098181603529793,0.00109147,0.130245267194,15.7435486077,0.163810071055,0.323758192718,40624.7489437928,40624.7489437928,0.014234962422445,0.014234962422445,5770.24030501278,5770.24030501278,0.003009715358923,0.003009715358923,40624.7489437928
32,LS220_M135135_LK_HR,LS220,no,no,leakage,0.083333,1.35,1.35,1.47334,1.47334,2.94668,1.3263478329092,1.3263478329092,8.60640061201071,8.60640061201071,0.15686,0.15686,0.0974,0.02733,0.01043,0.0974,0.02733,0.01043,683.764650054586,1559.52698387368,3455.53351049596,683.764650054586,1559.52698387368,3455.53351049596,683.764650054587,128.205871885235,0.796008467276939,no (20.2 ms to go),2.67124,0.00477021845569,6.99988,0.386275950485,662606,946.188449848,inf,,0.098181603529793,0.0000000491,0.270463820037,146.745925471,0.0415582961376,0.000000895,131793.099982053,131793.099982053,0.024452157738436,0.024452157738436,29413.8103370812,29413.8103370812,0.005985582619919,0.005985582619919,131793.099982053
33,LS220_M135135_M0,LS220,yes,no,M0,125,1.35,1.35,1.47334,1.47334,2.94668,1.3263478329092,1.3263478329092,8.60640061201071,8.60640061201071,0.15686,0.15686,0.0974,0.02733,0.01043,0.0974,0.02733,0.01043,683.764650054586,1559.52698387368,3455.53351049596,683.764650054586,1559.52698387368,3455.53351049596,683.764650054587,128.205871885235,20.4873664424396,no (0.51 ms to go),2.67124,0.0790154190777,6.99988,2.24514922857,662606,2938.16413374,inf,,0.098181603529793,0.00185523,0.246561703806,19.4029392905,0.147051125522,0.497001563133,35977.2453424368,35977.2453424368,0.012330803718316,0.012330803718316,5435.49348443782,5435.49348443782,0.002753414615199,0.002753414615199,35977.2453424368
34,LS220_M135135_M0_L5,LS220,yes,no,M0. lmix=5,125,1.35,1.35,1.47334,1.47334,2.94668,1.3263478329092,1.3263478329092,8.60640061201071,8.60640061201071,0.15686,0.15686,0.0974,0.02733,0.01043,0.0974,0.02733,0.01043,683.764650054586,1559.52698387368,3455.53351049596,683.764650054586,1559.52698387368,3455.53351049596,683.764650054587,128.205871885235,22.5207346063748,yes,2.67124,0.0772782793803,6.99988,2.20993893762,662606,2987.96352584,inf,,0.098181603529793,0.00270703,0.271861280499,19.6940638807,0.130158312861,0.58408800363,36608.1275921278,36608.1275921278,0.012405756081781,0.012405756081781,6256.09352198223,6256.09352198223,0.002906301058509,0.002906301058509,36608.1275921277
35,LS220_M135135_M0_L25,LS220,yes,no,M0. lmix=25,125,1.35,1.35,1.47334,1.47334,2.94668,1.3263478329092,1.3263478329092,8.60640061201071,8.60640061201071,0.15686,0.15686,0.0974,0.02733,0.01043,0.0974,0.02733,0.01043,683.764650054586,1559.52698387368,3455.53351049596,683.764650054586,1559.52698387368,3455.53351049596,683.764650054587,128.205871885235,24.3531303355024,yes,2.67124,0.0878989717059,6.99988,2.37727690465,662606,3037.76291793,18.0811914505785,0.0835273903421,0.098181603529793,0.00195074,0.255092221045,21.0703194362,0.138757639642,0.508637128897,51829.6314243558,37813.3598775568,0.012816640956062,0.012717827837318,6376.322454966,6159.44621282364,0.002931398231237,0.002898667555736,51829.6314243557
36,LS220_M135135_M0_L50,LS220,yes,no,M0. lmix=50,125,1.35,1.35,1.47334,1.47334,2.94668,1.3263478329092,1.3263478329092,8.60640061201071,8.60640061201071,0.15686,0.15686,0.0974,0.02733,0.01043,0.0974,0.02733,0.01043,683.764650054586,1559.52698387368,3455.53351049596,683.764650054586,1559.52698387368,3455.53351049596,683.764650054587,128.205871885235,34.7564093137752,yes,2.67124,0.0440166075547,6.99988,1.48959545804,662606,2888.36474164,inf,,0.098181603529793,0.00198329,0.259953447425,23.6045619448,0.163917981548,0.658155318013,31688.3006483208,31688.3006483208,0.01119944365676,0.01119944365676,3900.63852951271,3900.63852951271,0.002406055069654,0.002406055069654,31688.3006483208
37,LS220_M135135_OldM0,LS220,yes,no,M0. LTE,125,1.35,1.35,1.47334,1.47334,2.94668,1.3263478329092,1.3263478329092,8.60640061201071,8.60640061201071,0.15686,0.15686,0.0974,0.02733,0.01043,0.0974,0.02733,0.01043,683.764650054586,1559.52698387368,3455.53351049596,683.764650054586,1559.52698387368,3455.53351049596,683.764650054587,128.205871885235,19.0332717670674,no (1.97 ms to go),2.67124,0.0684120438162,6.99988,2.01530140799,662606,2987.96352584,inf,,0.098181603529793,0.00107419,0.195675916269,17.1122697866,0.134553646728,0.243667999607,50558.59652732,50558.59652732,0.015849535659133,0.015849535659133,8820.28082162271,8820.28082162271,0.003527691996666,0.003527691996666,50558.59652732
38,LS220_M140120_LK,LS220,yes,yes,leakage,125,1.4,1.2,1.53451,1.29564,2.83015,1.37609340539917,1.17938109401522,8.58474368408143,8.65051903114187,0.16308,0.13872,0.09275,0.02573,0.0097,0.11088,0.03205,0.0126,536.067089144579,1118.33934243313,2264.67614693664,1439.01909740288,4323.07937457077,12617.0992835526,893.436162642197,167.878444284075,21.4212971688982,yes,2.57448,0.0425807827093,6.54004,1.46979894372,653684,2738.96656535,inf,,0.099710554670294,0.00186003,0.0873875323243,11.0197178816,0.151374531582,0.469433491415,34125.2390233986,34125.2390233986,0.012216824277824,0.012216824277824,5101.08182850175,5101.08182850175,0.002688600875686,0.002688600875686,34125.2390233987
39,LS220_M140120_M0,LS220,yes,no,M0,125,1.4,1.2,1.53451,1.29564,2.83015,1.37609340539917,1.17938109401522,8.58474368408143,8.65051903114187,0.16308,0.13872,0.09275,0.02573,0.0097,0.11088,0.03205,0.0126,536.067089144579,1118.33934243313,2264.67614693664,1439.01909740288,4323.07937457077,12617.0992835526,893.436162642197,167.878444284075,22.6980632253226,yes,2.57448,0.0382005958753,6.54004,1.37059503359,653684,2639.36778116,inf,,0.099710554670294,0.00242864,0.184839417266,14.0402913208,0.149788172768,0.633830782031,31361.2788161146,31361.2788161146,0.011309267372639,0.011309267372639,4492.60500927728,4492.60500927728,0.002536497030588,0.002536497030588,31361.2788161145
40,LS220_M140120_M0_L5,LS220,yes,no,M0. lmix=5,125,1.4,1.2,1.53451,1.29564,2.83015,1.37609340539917,1.17938109401522,8.58474368408143,8.65051903114187,0.16308,0.13872,0.09275,0.02573,0.0097,0.11088,0.03205,0.0126,536.067089144579,1118.33934243313,2264.67614693664,1439.01909740288,4323.07937457077,12617.0992835526,893.436162642197,167.878444284075,26.102772709121,yes,2.57448,0.0327318837322,6.54004,1.23449188581,653684,2738.96656535,inf,,0.099710554670294,0.00280959,0.184078385914,14.0485814811,0.151088901847,0.756379495619,29787.6706088786,29787.6706088786,0.010823645289083,0.010823645289083,4042.48378102984,4042.48378102984,0.0024255945977,0.0024255945977,29787.6706088787
41,LS220_M140120_M0_L25,LS220,yes,no,M0. lmix=25,125,1.4,1.2,1.53451,1.29564,2.83015,1.37609340539917,1.17938109401522,8.58474368408143,8.65051903114187,0.16308,0.13872,0.09275,0.02573,0.0097,0.11088,0.03205,0.0126,536.067089144579,1118.33934243313,2264.67614693664,1439.01909740288,4323.07937457077,12617.0992835526,893.436162642197,167.878444284075,26.4101423152972,yes,2.57448,0.0365875609672,6.54004,1.31192038794,653684,2689.16717325,inf,,0.099710554670294,0.00411685,0.15996259481,12.8312183237,0.200073015972,1.97268892594,28643.6216596248,28643.6216596248,0.009008050094224,0.009008050094224,2120.63492495264,2120.63492495264,0.001712506244228,0.001712506244228,28643.6216596248
42,LS220_M140120_M0_L50,LS220,yes,no,M0. lmix=50,125,1.4,1.2,1.53451,1.29564,2.83015,1.37609340539917,1.17938109401522,8.58474368408143,8.65051903114187,0.16308,0.13872,0.09275,0.02573,0.0097,0.11088,0.03205,0.0126,536.067089144579,1118.33934243313,2264.67614693664,1439.01909740288,4323.07937457077,12617.0992835526,893.436162642197,167.878444284075,36.411476423955,yes,2.57448,0.0307745860136,6.54004,1.16207313397,653684,2689.16717325,inf,,0.099710554670294,0.00697461,0.175178154029,13.1941526908,0.217117432122,3.96869443652,36976.412765339,36976.412765339,0.01038549421936,0.01038549421936,3158.77855161143,3158.77855161143,0.002014655991686,0.002014655991686,36976.4127653391
43,LS220_M140140_LK,LS220,yes,yes,leakage,125,1.4,1.4,1.53452,1.53452,3.06904,1.37610149538819,1.37610149538819,8.58474368408143,8.58474368408143,0.16308,0.16308,0.09275,0.02573,0.0097,0.09275,0.02573,0.0097,536.067089144579,1118.33934243313,2264.67614693664,536.067089144579,1118.33934243313,2264.67614693664,536.067089144578,100.512579214608,24.8496504685563,yes,2.77034,0.0700148835076,7.44902,2.02355926139,671916,3137.36170213,9.92779366335171,0.118787023388,0.09006091789172,0.00143295,0.14415318099,15.5155257271,0.167636506813,0.479429218062,35183.636436211,41013.1376705306,0.015786840237017,0.012302458408031,6926.78386102708,4503.77524003031,0.003156071011184,0.002640968871618,35183.636436211
44,LS220_M140140_LK_HR,LS220,yes,yes,leakage,0.083333,1.4,1.4,1.53452,1.53452,3.06904,1.37610149538819,1.37610149538819,8.58474368408143,8.58474368408143,0.16308,0.16308,0.09275,0.02573,0.0097,0.09275,0.02573,0.0097,536.067089144579,1118.33934243313,2264.67614693664,536.067089144579,1118.33934243313,2264.67614693664,536.067089144578,100.512579214608,17.9693000533804,yes,2.77034,0.0765730910202,7.44902,2.15835117328,671916,3137.36170213,9.35246081068301,0.0699936631518,0.09006091789172,0.000714496,0.153533676604,17.2511486154,0.170260834744,0.261706997912,83418.8253926328,51647.2501363054,0.016547053155756,0.015399049566029,8357.85176583359,6462.89820630831,0.003534167075038,0.003250037797192,83418.8253926329
45,LS220_M140140_LK_LR,LS220,yes,yes,leakage,0.166666,1.4,1.4,1.53452,1.53452,3.06904,1.37610149538819,1.37610149538819,8.58474368408143,8.58474368408143,0.16308,0.16308,0.09275,0.02573,0.0097,0.09275,0.02573,0.0097,536.067089144579,1118.33934243313,2264.67614693664,536.067089144579,1118.33934243313,2264.67614693664,536.067089144578,100.512579214608,12.0898711762656,yes,2.77034,0.0685448877643,7.44902,1.98104318606,671916,3187.16109422,8.58009615926717,0.0741860871666,0.09006091789172,0.00166126,0.160536396417,14.8033991364,0.191571066582,0.677216840505,72272.1930580998,38084.311990721,0.01489468669562,0.011490702764161,6999.0051663596,3319.04877216782,0.002888415089874,0.002296150889523,72272.1930580998
46,LS220_M144139_LK,LS220,yes,yes,leakage,125,1.44,1.39,1.58149,1.52047,3.10196,1.41400271079512,1.36472300391059,8.5658199988103,8.58979112594241,0.16811,0.16182,0.08895,0.02444,0.00912,0.09367,0.02605,0.00985,441.658865557433,858.786287078398,1619.92012740677,562.792468606045,1195.42156581053,2465.96640418954,499.261044023471,93.6242767808743,12.7203729325245,yes,2.79674,0.0663758815276,7.56968,1.94923440219,674494,3137.36170213,7.2216853488609,0.0982180839479,0.084878677282695,0.00190409,0.143187270514,14.7703041333,0.15717414715,0.54335575236,33265.384841021,47278.1204965544,0.011666242317477,0.012083790360288,4478.33689283147,4988.5736401967,0.002545538815648,0.002627154768562,33265.384841021
47,LS220_M145145_LK,LS220,yes,yes,leakage,125,1.45,1.45,1.59559,1.59559,3.19118,1.42533331136921,1.42533331136921,8.55962219598583,8.55962219598583,0.1694,0.1694,0.08804,0.02413,0.00899,0.08804,0.02413,0.00899,420.747694430098,803.715264210768,1490.66390090812,420.747694430098,803.715264210768,1490.66390090812,420.747694430098,78.8901927056434,9.7294302262711,yes,2.86832,0.0439532526921,7.90779,1.45775004098,681082,2589.56838906,2.25905847582748,0.0447074120008,0.064796756118333,0.00164991,0.142746206615,14.0350686228,0.2078465342,0.82280554534,298512.207509422,112005.988800685,0.036097668254353,0.019699942826061,41240.0464692035,12410.8795062248,0.006272790330392,0.003625682959393,298512.207509423
48,LS220_M150150_LK,LS220,yes,yes,leakage,125,1.5,1.5,1.65889,1.65889,3.31778,1.47584056920497,1.47584056920497,8.5295121119072,8.5295121119072,0.17586,0.17586,0.0833,0.02254,0.00828,0.0833,0.02254,0.00828,330.155394892613,577.727667593029,980.318986468888,330.155394892613,577.727667593029,980.318986468888,330.155394892613,61.904136542365,8.19258219538988,yes,2.96872,0.0302476766708,8.38217,1.25091135996,689.34,5378.3343465,0.926831527308355,0.00227922706427,0.021246713896246,0.000334724,0.084331649055,11.4696793065,0.188772750697,0.127645802857,9346847.77103146,772640.83195883,0.196909093221225,0.063183519738698,1530651.84446077,101248.999594774,0.034570998410582,0.011417333307375,9346847.77103146
49,LS220_M160160_LK,LS220,yes,yes,leakage,125,1.6,1.6,1.79049,1.79049,3.58098,1.57927179564686,1.57927179564686,8.4539786537039,8.4539786537039,0.18926,0.18926,0.0737,0.0194,0.00692,0.0737,0.0194,0.00692,202.340141807509,297.391544393793,423.074908562573,202.340141807509,297.391544393793,423.074908562573,202.340141807509,37.9387765889079,8.31080127468843,yes,3.1741,0.0343942611043,9.40155,1.48384415021,705866,3137.36170213,0.626660440513423,0.000967769908137,1,0.000319188,0.0744507057694,8.36088593963,0.205685051577,0.141422331945,16207494.3491416,15886858.3474783,0.24384191903518,0.2420932535641,2688010.24700397,2632278.54245445,0.042791298300776,0.04248025727797,16207494.3491416
50,LS220_M171171_LK,LS220,yes,yes,leakage,125,1.71,1.71,1.92768,1.92768,3.85536,1.68468539969481,1.68468539969481,8.34146341463415,8.34146341463415,205,205,63,0.01601,0.00551,63,0.01601,0.00551,116.005875248749,140.298504309224,164.137398561997,116.005875248749,140.298504309224,164.137398561997,116.005875248749,21.7511016091404,7.8142811416345,yes,3.38306,0.0444094661477,10.5037,1.80098468498,721974,3635.3556231,0.492571873451075,0.000770997252749,1,0.000285926,0.0844040050591,8.76763318936,0.218552514584,0.144462474468,17863949.7850422,15279648.9138257,0.25446456777902,0.240643441702799,2924908.10493874,2479022.51385679,0.04474550741596,0.042278611685951,17863949.7850422
51,SFHo_M1251365_LK,SFHo,yes,yes,leakage,125,1365,1.25,1.50363,1.36409,2.86772,1.35496226650559,1.24114285126372,8.05594900849858,8.08590465101235,0.16944,0.15459,0.08124,0.02106,0.00743,0.08891,0.02355,0.00851,387.792086036172,700.302221651519,1229.37966569351,671.355212645814,1488.19509161514,3214.6795097282,512.595912539856,96.1752772192163,24.5777465861696,yes,2.58906,0.081208482123,6.6146,2.23098959901,653.88,3187.16109422,inf,,0.086997198757639,0.0014573,0.138680089635,14.4674806919,0.228587358059,0.918116686798,40234.4017597508,40234.4017597508,0.012489698760758,0.012489698760758,2996.90665335448,2996.90665335448,0.002291872911546,0.002291872911546,40234.4017597507
52,SFHo_M135135_LK,SFHo,yes,yes,leakage,125,1.35,1.35,1.48606,1.48606,2.97212,1.34076642306572,1.34076642306572,8.05970149253731,8.05970149253731,0.1675,0.1675,0.08231,0.0214,0.00758,0.08231,0.0214,0.00758,416.185826350486,771.345287115701,1391.15845589311,416.185826350486,771.345287115701,1391.15845589311,416.185826350486,78.0348424407161,20.9720646675637,yes,2.67358,0.0708649332265,7.01839,2.03861841658,663802,3386.35866261,11.957443142908,0.141020566393,0.063144957785612,0.00353303,0.16808633625,14.2872614841,0.235227236793,2.24185637849,18989.9458093185,168640.078225354,0.012592028600481,0.025362523148131,3190.41933099743,22415.2960701281,0.002409988206943,0.00424991135699,18989.9458093185
53,SFHo_M135135_LK_HR,SFHo,yes,yes,leakage,0.083333,1.35,1.35,1.48606,1.48606,2.97212,1.34076642306572,1.34076642306572,8.05970149253731,8.05970149253731,0.1675,0.1675,0.08231,0.0214,0.00758,0.08231,0.0214,0.00758,416.185826350486,771.345287115701,1391.15845589311,416.185826350486,771.345287115701,1391.15845589311,416.185826350486,78.0348424407161,15.2423799575604,yes,2.67358,0.0794027506973,7.01839,2.16150545845,663802,3485.95744681,6.93707290873534,0.0569441053569,0.063144957785612,0.00234322,0.172650519542,14.3644866665,0.21258093729,1.2348556465,186145.738754237,138545.52158664,0.027078255356016,0.022520431614335,24131.017288886,16811.7537040148,0.004685935555465,0.003966829784514,186145.738754237
54,SFHo_M135135_LK_LR,SFHo,yes,yes,leakage,0.166666,1.35,1.35,1.48606,1.48606,2.97212,1.34076642306572,1.34076642306572,8.05970149253731,8.05970149253731,0.1675,0.1675,0.08231,0.0214,0.00758,0.08231,0.0214,0.00758,416.185826350486,771.345287115701,1391.15845589311,416.185826350486,771.345287115701,1391.15845589311,416.185826350486,78.0348424407161,9.67820195857506,yes,2.67358,0.0562882719166,7.01839,1.71959026328,663802,3585.556231,3.43778816148714,0.0377932018412,0.063144957785612,0.0036228,0.175831366238,13.6944091294,0.240880946973,2.34663056181,561276.858636058,172066.654869171,0.050217770219779,0.02572078026904,87152.5884257165,23147.3651024433,0.008167601380072,0.004318356912352,561276.858636058
55,SFHo_M135135_M0,SFHo,yes,no,M0,125,1.35,1.35,1.48606,1.48606,2.97212,1.34076642306572,1.34076642306572,8.05970149253731,8.05970149253731,0.1675,0.1675,0.08231,0.0214,0.00758,0.08231,0.0214,0.00758,416.185826350486,771.345287115701,1391.15845589311,416.185826350486,771.345287115701,1391.15845589311,416.185826350486,78.0348424407161,15.2384393215838,yes,2.67358,0.0787698977732,7.01839,2.16856166813,663802,3436.15805471,7.725200104008,0.0531226223581,0.063144957785612,0.00415131,0.22419246258,17.1231742022,0.219647104556,2.40116220563,269687.967244814,171437.663048551,0.033289499680694,0.025492409740794,37676.8839028743,22161.8893752168,0.005414465532402,0.00422638933563,269687.967244814
56,SFHo_M140120_LK,SFHo,yes,yes,leakage,125,1.4,1.2,1.54655,1.30308,2.84963,1.38947461721214,1.19061553998222,8.0436656133295,8.09498111171074,0.17405,0.14824,0.0788,0.02028,0.0071,0.09204,0.02458,0.00896,328.900717069208,558.84129957785,922.641099854033,857.152940585437,2083.35256172702,4936.96501256056,538.206929183586,101.113421533049,22.2015430922687,yes,2.57338,0.0606793270017,6.52472,1.8507888935,652.73,3087.56231003,inf,,0.090302891217816,0.00118141,0.137845963645,14.2375321329,0.197334707993,0.587093322275,39468.7467119778,39468.7467119778,0.012864573670381,0.012864573670381,3656.30377899525,3656.30377899525,0.002568084760274,0.002568084760274,39468.7467119778
57,SFHo_M140120_M0,SFHo,no,no,M0,125,1.4,1.2,1.54655,1.30308,2.84963,1.38947461721214,1.19061553998222,8.0436656133295,8.09498111171074,0.17405,0.14824,0.0788,0.02028,0.0071,0.09204,0.02458,0.00896,328.900717069208,558.84129957785,922.641099854033,857.152940585437,2083.35256172702,4936.96501256056,538.206929183586,101.113421533049,30.6423853541855,yes,2.57338,0.0633278735501,6.52472,1.8852813648,652.73,3137.36170213,inf,,0.090302891217816,0.00302384,0.218538548707291,17.0149479208556,0.160097161085901,1.04508271374306,37826.2098401904,37826.2098401904,0.010702264449442,0.010702264449442,3726.7725548278,3726.7725548278,0.00229091529624,0.00229091529624,37826.2098401907
58,SFHo_M140120_M0_v4,SFHo,yes,no,M0,125,1.4,1.2,1.54655,1.30308,2.84963,1.38947461721214,1.19061553998222,8.0436656133295,8.09498111171074,0.17405,0.14824,0.0788,0.02028,0.0071,0.09204,0.02458,0.00896,328.900717069208,558.84129957785,922.641099854033,857.152940585437,2083.35256172702,4936.96501256056,538.206929183586,101.113421533049,30.6423853541855,yes,2.57338,0.0633278735501,6.52472,1.8852813648,652.73,3137.36170213,inf,,0.090302891217816,0.00302384,0.218538548707291,17.0149479208556,0.160097161085901,1.04508271374306,37826.2098401904,37826.2098401904,0.010702264449442,0.010702264449442,3726.7725548278,3726.7725548278,0.00229091529624,0.00229091529624,37826.2098401907
59,SFHo_M140140_LK,SFHo,yes,yes,leakage,125,1.4,1.4,1.54656,1.54656,3.09312,1.38948263110076,1.38948263110076,8.0436656133295,8.0436656133295,0.17405,0.17405,0.0788,0.02028,0.0071,0.0788,0.02028,0.0071,328.900717069208,558.84129957785,922.641099854033,328.900717069208,558.84129957785,922.641099854033,328.900717069208,61.6688844504766,12.1292775360318,yes,2.7696,0.034708053755,7.43612,1.29371804971,671.38,5378.3343465,1.07318462385344,0.00215930032465,0.0205095710575,0.000409437,0.187095225847,36.6511279899,0.345544726832,0.604347248107,9085624.71675036,798155.43553176,0.201057091848865,0.065518236934186,1339638.78100769,94669.0954386134,0.035116424582212,0.011355078251463,9085624.71675037
60,SFHo_M144139_LK,SFHo,yes,yes,leakage,125,1.44,1.39,1.59791,1.53462,3.13253,1.43046334246835,1.37990502847486,8.02899358795651,8.04817323837647,0.17935,0.17271,0.07593,0.01937,0.00672,0.07947,0.02049,0.00719,272.781702604057,432.671899509808,666.649473632357,344.766081693866,596.016531508218,1001.64131429215,307.020572385404,57.573610303017,7.82610304956436,yes,2.80062,0.0330032235778,7.58098,1.29033358683,674582,5975.92705167,0.873320790512205,0.00437431999677,0.00734941208943,0.000443001,0.17931945352,15.962215069,0.325503227397,0.528581448686,5095317.46468552,3031638.0483565,0.158767388958952,0.126517163229672,726811.11968694,417743.060227008,0.02764069879071,0.021971740547235,5095317.46468552
61,SFHo_M146146_LK,SFHo,yes,yes,leakage,125,1.46,1.46,1623,1623,3246,1.4503631596386,1.4503631596386,8.0210965827931,8.0210965827931,0.18202,0.18202,0.07447,0.01891,0.00653,0.07447,0.01891,0.00653,248.481777233841,380.8873027166,567.129042039525,248.481777233841,380.8873027166,567.129042039525,248.481777233841,46.5903332313452,7.40051436408956,yes,2.88966,0.0313396945023,7.99412,1.32621286818,681952,5926.12765957,0.699299074144665,0.000364069094185,1,0.00000989,0.232877311919,118.518385275,0.182131584114,0.00349182000882,18366171.9816114,11233611.723019,0.254613123054448,0.211142563784753,2885744.75972731,1733670.32582026,0.046215425160771,0.038485263659243,18366171.9816114
